﻿pos_x,pos_y,rotation,side,designator,mpn,pack,value,mount_type,place
168.275,-101.6,90.0,top,C1,,CP_Radial_Tantal_D4mm_P3.81mm,4.7uF,tht,True
168.91,-83.82,90.0,top,C2,,CP_Radial_Tantal_D4mm_P3.81mm,4.7uF,tht,True
154.305,-164.465,-90.0,top,C3,,C_Rect_L9.0mm_W2.5mm_P7.50mm_MKT dual,100nF,tht,True
158.115,-97.79,-90.0,top,C4,,C_Rect_L9.0mm_W2.5mm_P7.50mm_MKT dual,100nF,tht,True
156.21,-92.71,0.0,top,C5,,C_Rect_L9.0mm_W2.5mm_P7.50mm_MKT dual,100nF,tht,True
155.695,-55.88,0.0,top,C6,,C_Rect_L9.0mm_W2.5mm_P7.50mm_MKT dual,100nF,tht,True
175.26,-96.52,90.0,top,CR1,,D_DO-41_SOD81_P10.16mm_Horizontal,1N4001,tht,True
24.13,-144.78,-90.0,top,DS1,,LED_D5.0mm_Horizontal_O3.81mm_Z15.0mm reversed,LED,tht,True
24.13,-81.915,-90.0,top,DS10,,LED_D5.0mm_Horizontal_O3.81mm_Z15.0mm reversed,LED,tht,True
24.13,-74.93,-90.0,top,DS11,,LED_D5.0mm_Horizontal_O3.81mm_Z15.0mm reversed,LED,tht,True
24.13,-67.945,-90.0,top,DS12,,LED_D5.0mm_Horizontal_O3.81mm_Z15.0mm reversed,LED,tht,True
24.13,-60.96,-90.0,top,DS13,,LED_D5.0mm_Horizontal_O3.81mm_Z15.0mm reversed,LED,tht,True
24.13,-53.975,-90.0,top,DS14,,LED_D5.0mm_Horizontal_O3.81mm_Z15.0mm reversed,LED,tht,True
24.13,-46.99,-90.0,top,DS15,,LED_D5.0mm_Horizontal_O3.81mm_Z15.0mm reversed,LED,tht,True
24.13,-40.005,-90.0,top,DS16,,LED_D5.0mm_Horizontal_O3.81mm_Z15.0mm reversed,LED,tht,True
24.13,-137.795,-90.0,top,DS2,,LED_D5.0mm_Horizontal_O3.81mm_Z15.0mm reversed,LED,tht,True
24.13,-130.81,-90.0,top,DS3,,LED_D5.0mm_Horizontal_O3.81mm_Z15.0mm reversed,LED,tht,True
24.13,-123.825,-90.0,top,DS4,,LED_D5.0mm_Horizontal_O3.81mm_Z15.0mm reversed,LED,tht,True
24.13,-116.84,-90.0,top,DS5,,LED_D5.0mm_Horizontal_O3.81mm_Z15.0mm reversed,LED,tht,True
24.13,-109.855,-90.0,top,DS6,,LED_D5.0mm_Horizontal_O3.81mm_Z15.0mm reversed,LED,tht,True
24.13,-102.87,-90.0,top,DS7,,LED_D5.0mm_Horizontal_O3.81mm_Z15.0mm reversed,LED,tht,True
24.13,-95.885,-90.0,top,DS8,,LED_D5.0mm_Horizontal_O3.81mm_Z15.0mm reversed,LED,tht,True
24.13,-88.9,-90.0,top,DS9,,LED_D5.0mm_Horizontal_O3.81mm_Z15.0mm reversed,LED,tht,True
71.755,-121.285,-90.0,top,F1,,Fuseholder_Clip-6.3x32mm_Littelfuse_102071_Inline_P34.70x7.60mm_D2.00mm_Horizontal,3/4A,tht,True
189.81,-21.75,90.0,top,J1,,Chuck_E_Cheese_small_card_edge,card edge,smt,True
173.355,-109.22,0.0,top,J2,,PinHeader_2x25_P2.54mm_Horizontal,light connector,tht,True
69.215,-111.76,0.0,top,Q1,,TO-220-3_Horizontal_TabDown,TIP130A,tht,True
84.455,-111.76,-90.0,top,R1,,R_Axial_DIN0309_L9.0mm_D3.2mm_P20.32mm_Horizontal,1K,tht,True
79.375,-121.92,90.0,top,R2,,R_Axial_DIN0207_L6.3mm_D2.5mm_P10.16mm_Horizontal,3.3K,tht,True
46.355,-92.71,0.0,top,TP1,,TestPoint_Plated_Hole_D3.0mm,GND,tht,True
46.355,-84.455,0.0,top,TP2,,TestPoint_Plated_Hole_D3.0mm,+5,tht,True
46.355,-76.2,0.0,top,TP5,,TestPoint_Plated_Hole_D3.0mm,+24,tht,True
38.1,-60.325,90.0,top,U1,,DIP-16_W7.62mm,2.2K,tht,True
38.1,-133.985,90.0,top,U2,,DIP-16_W7.62mm,2.2K,tht,True
130.175,-148.59,90.0,top,U3,,DIP-16_W7.62mm,ULN2003A,tht,True
130.175,-128.27,90.0,top,U4,,DIP-16_W7.62mm,ULN2003A,tht,True
133.985,-109.22,90.0,top,U5,,DIP-14_W7.62mm,7406,tht,True
93.345,-109.22,90.0,top,U6,,SW_DIP_SPSTx10_Piano_10.8x26.96mm_W7.62mm_P2.54mm,Board Select,tht,True
99.695,-88.9,90.0,top,U7,,DIP-40_W15.24mm,6821,tht,True
99.695,-62.23,90.0,top,U8,,R_Array_SIP9,4.7K,tht,True
