﻿designator,quantity,value,pack,mpn,mount_type
"C1, C2",2,4.7uF,CP_Radial_Tantal_D4mm_P3.81mm,,tht
"C3, C4, C5, C6",4,100nF,C_Rect_L9.0mm_W2.5mm_P7.50mm_MKT dual,,tht
CR1,1,1N4001,D_DO-41_SOD81_P10.16mm_Horizontal,,tht
"DS1, DS10, DS11, DS12, DS13, DS14, DS2, DS3, DS4, DS5, DS6, DS7, DS8, DS9",14,LED,LED_D5.0mm_Horizontal_O3.81mm_Z15.0mm reversed,,tht
F1,1,3/4A,Fuseholder_Clip-6.3x32mm_Littelfuse_102071_Inline_P34.70x7.60mm_D2.00mm_Horizontal,,tht
J1,1,card edge,Chuck_E_Cheese_small_card_edge,,smt
J2,1,character connector,PinHeader_2x13_P2.54mm_Horizontal,,tht
J3,1,power jumper,PinHeader_1x03_P2.54mm_Vertical,,tht
J4,1,return jumper,PinHeader_1x03_P2.54mm_Vertical,,tht
Q1,1,TIP130A,TO-220-3_Horizontal_TabDown,,tht
R1,1,1K,R_Axial_DIN0309_L9.0mm_D3.2mm_P20.32mm_Horizontal,,tht
R2,1,3.3K,R_Axial_DIN0207_L6.3mm_D2.5mm_P10.16mm_Horizontal,,tht
TP1,1,GND,TestPoint_Plated_Hole_D3.0mm,,tht
TP2,1,+5,TestPoint_Plated_Hole_D3.0mm,,tht
TP5,1,+24,TestPoint_Plated_Hole_D3.0mm,,tht
"U1, U2",2,2.2K,DIP-16_W7.62mm,,tht
"U3, U4",2,ULN2003A,DIP-16_W7.62mm,,tht
U5,1,7406,DIP-14_W7.62mm,,tht
U6,1,Board Select,SW_DIP_SPSTx10_Piano_10.8x26.96mm_W7.62mm_P2.54mm,,tht
U7,1,6821,DIP-40_W15.24mm,,tht
U8,1,4.7K,R_Array_SIP9,,tht
