﻿pos_x,pos_y,rotation,side,designator,mpn,pack,value,mount_type,place
152.32,-187.96,180.0,top,C1,,C_Rect_L7.2mm_W2.5mm_P5.00mm_FKS2_FKP2_MKS2_MKP2,100nF,tht,True
107.315,-187.96,0.0,top,C10,,C_Rect_L7.2mm_W2.5mm_P5.00mm_FKS2_FKP2_MKS2_MKP2,100nF,tht,True
107.315,-96.52,0.0,top,C11,,C_Rect_L7.2mm_W2.5mm_P5.00mm_FKS2_FKP2_MKS2_MKP2,100nF,tht,True
142.16,-187.96,180.0,top,C12,,C_Rect_L7.2mm_W2.5mm_P5.00mm_FKS2_FKP2_MKS2_MKP2,100nF,tht,True
130.175,-19.05,180.0,top,C13,,C_Rect_L7.2mm_W2.5mm_P5.00mm_FKS2_FKP2_MKS2_MKP2,100nF,tht,True
190.5,-138.35,90.0,top,C14,,C_Rect_L7.2mm_W2.5mm_P5.00mm_FKS2_FKP2_MKS2_MKP2,100nF,tht,True
189.865,-88.82,90.0,top,C15,,C_Rect_L7.2mm_W2.5mm_P5.00mm_FKS2_FKP2_MKS2_MKP2,100nF,tht,True
144.78,-19.05,180.0,top,C2,,C_Rect_L7.2mm_W2.5mm_P5.00mm_FKS2_FKP2_MKS2_MKP2,10pF,tht,True
58.42,-19.05,0.0,top,C3,,CP_Axial_L29.0mm_D10.0mm_P35.00mm_Horizontal,220uF,tht,True
97.21,-187.94,0.0,top,C4,,CP_Radial_Tantal_D5.0mm_P2.50mm,4.7uF,tht,True
199.39,-123.15,90.0,top,C5,,CP_Radial_Tantal_D5.0mm_P2.50mm,4.7uF,tht,True
189.905,-19.05,0.0,top,C6,,CP_Radial_Tantal_D5.0mm_P2.50mm,4.7uF,tht,True
99.71,-171.43,180.0,top,C7,,CP_Radial_Tantal_D5.0mm_P2.50mm,4.7uF,tht,True
84.455,-187.94,180.0,top,C8,,C_Rect_L7.2mm_W2.5mm_P5.00mm_FKS2_FKP2_MKS2_MKP2,100nF,tht,True
80.645,-72.39,0.0,top,C9,,C_Rect_L7.2mm_W2.5mm_P5.00mm_FKS2_FKP2_MKS2_MKP2,100nF,tht,True
130.81,-24.13,-90.0,top,CR1,,D_DO-35_SOD27_P12.70mm_Horizontal,1N914,tht,True
133.35,-36.83,90.0,top,CR2,,D_DO-35_SOD27_P12.70mm_Horizontal,1N914,tht,True
54.61,-39.37,0.0,top,CR3,,D_DO-35_SOD27_P12.70mm_Horizontal,1N914,tht,True
57.15,-64.135,0.0,top,CR4,,D_DO-35_SOD27_P12.70mm_Horizontal,1N914,tht,True
57.15,-66.675,0.0,top,CR5,,D_DO-35_SOD27_P12.70mm_Horizontal,1N914,tht,True
57.15,-69.215,0.0,top,CR6,,D_DO-35_SOD27_P12.70mm_Horizontal,1N914,tht,True
48.26,-129.54,-90.0,top,DS1,,LED_D5.0mm_Horizontal_O3.81mm_Z15.0mm reversed,LED,tht,True
48.26,-121.92,-90.0,top,DS2,,LED_D5.0mm_Horizontal_O3.81mm_Z15.0mm reversed,LED,tht,True
48.26,-114.3,-90.0,top,DS3,,LED_D5.0mm_Horizontal_O3.81mm_Z15.0mm reversed,LED,tht,True
48.26,-106.68,-90.0,top,DS4,,LED_D5.0mm_Horizontal_O3.81mm_Z15.0mm reversed,LED,tht,True
48.26,-99.06,-90.0,top,DS5,,LED_D5.0mm_Horizontal_O3.81mm_Z15.0mm reversed,LED,tht,True
48.26,-91.44,-90.0,top,DS6,,LED_D5.0mm_Horizontal_O3.81mm_Z15.0mm reversed,LED,tht,True
48.26,-83.82,-90.0,top,DS7,,LED_D5.0mm_Horizontal_O3.81mm_Z15.0mm reversed,LED,tht,True
48.26,-76.2,-90.0,top,DS8,,LED_D5.0mm_Horizontal_O3.81mm_Z15.0mm reversed,LED,tht,True
214.63,-180.34,90.0,top,J1,,Chuck_E_Cheese_large_card_edge,CEC card edge connector large,smt,True
109.855,-45.085,0.0,top,R1,,R_Axial_DIN0204_L3.6mm_D1.6mm_P12.7mm_Horizontal,4.7K,tht,True
57.15,-44.45,0.0,top,R2,,R_Axial_DIN0204_L3.6mm_D1.6mm_P12.7mm_Horizontal,4.7K,tht,True
128.27,-34.29,90.0,top,R3,,R_Axial_DIN0204_L3.6mm_D1.6mm_P12.7mm_Horizontal,330K,tht,True
57.15,-41.91,0.0,top,R4,,R_Axial_DIN0204_L3.6mm_D1.6mm_P12.7mm_Horizontal,4.7K,tht,True
57.15,-46.99,0.0,top,R5,,R_Axial_DIN0204_L3.6mm_D1.6mm_P12.7mm_Horizontal,100,tht,True
185.42,-138.43,180.0,top,R6,,R_Axial_DIN0204_L3.6mm_D1.6mm_P12.7mm_Horizontal,4.7K,tht,True
135.255,-42.545,0.0,top,R7,,R_Axial_DIN0204_L3.6mm_D1.6mm_P12.7mm_Horizontal,4.7K,tht,True
109.855,-163.83,0.0,top,R8,,R_Axial_DIN0204_L3.6mm_D1.6mm_P12.7mm_Horizontal,4.7K,tht,True
109.855,-138.43,0.0,top,R9,,R_Axial_DIN0204_L3.6mm_D1.6mm_P12.7mm_Horizontal,4.7K,tht,True
54.61,-83.82,90.0,top,RP1,,DIP-16_W7.62mm,10K,tht,True
80.66,-34.28,90.0,top,RP2,,DIP-16_W7.62mm,10K,tht,True
48.26,-158.75,0.0,top,TP1,,TestPoint_Plated_Hole_D2.0mm,-5v,tht,True
48.26,-153.67,0.0,top,TP2,,TestPoint_Plated_Hole_D2.0mm,-12v,tht,True
48.26,-148.59,0.0,top,TP3,,TestPoint_Plated_Hole_D2.0mm,GND,tht,True
48.26,-143.51,0.0,top,TP4,,TestPoint_Plated_Hole_D2.0mm,+12v,tht,True
48.26,-138.43,0.0,top,TP5,,TestPoint_Plated_Hole_D2.0mm,+5v,tht,True
48.26,-66.675,0.0,top,TP6,,TestPoint_Plated_Hole_D2.0mm,~{0/2/4},tht,True
128.905,-163.83,0.0,top,TP7,,TestPoint_Plated_Hole_D2.0mm,U18 CS,tht,True
128.905,-138.43,0.0,top,TP8,,TestPoint_Plated_Hole_D2.0mm,U19 CS,tht,True
196.85,-143.51,0.0,top,TP9,,TestPoint_Plated_Hole_D2.0mm,IRQ,tht,True
54.61,-180.965,90.0,top,U1,,DIP-16_W7.62mm,SPARE,tht,True
80.645,-107.95,90.0,top,U10,,DIP-14_W7.62mm,7432,tht,True
80.645,-83.82,90.0,top,U11,,DIP-16_W7.62mm,7442,tht,True
107.31,-180.965,90.0,top,U12,,DIP-14_W7.62mm,7406,tht,True
107.315,-156.835,90.0,top,U13,,DIP-14_W7.62mm,7406,tht,True
107.315,-132.08,90.0,top,U14,,DIP-16_W7.62mm,7442,tht,True
107.315,-107.95,90.0,top,U15,,DIP-16_W7.62mm,7442,tht,True
107.315,-83.82,90.0,top,U16,,DIP-16_W7.62mm,M8216,tht,True
107.315,-59.69,90.0,top,U17,,DIP-16_W7.62mm,M8216,tht,True
137.16,-184.15,90.0,top,U18,,DIP-40_W15.24mm,6532,tht,True
137.16,-160.02,90.0,top,U19,,DIP-40_W15.24mm,6532,tht,True
54.61,-156.845,90.0,top,U2,,DIP-16_W7.62mm,SPARE,tht,True
152.4,-132.08,90.0,top,U20,,DIP-24_W15.24mm,UNUSED,tht,True
152.4,-107.95,90.0,top,U21,,DIP-24_W15.24mm,2732,tht,True
152.4,-83.82,90.0,top,U22,,DIP-24_W15.24mm,UNUSED,tht,True
137.16,-57.15,90.0,top,U23,,DIP-16_W7.62mm,74367,tht,True
167.64,-57.15,90.0,top,U24,,DIP-16_W7.62mm,74367,tht,True
137.16,-38.1,90.0,top,U25,,DIP-40_W15.24mm,6502,tht,True
54.61,-132.08,90.0,top,U3,,DIP-16_W7.62mm,SPARE,tht,True
54.61,-107.95,90.0,top,U4,,DIP-16_W7.62mm,SPARE,tht,True
54.61,-59.69,90.0,top,U5,,DIP-16_W7.62mm,74367,tht,True
54.61,-34.29,90.0,top,U6,,DIP-14_W7.62mm,7414,tht,True
95.9,-182.225,90.0,top,U7,,TO-220-3_Horizontal_TabDown,LM7905_TO220,tht,True
80.645,-156.845,90.0,top,U8,,DIP-14_W7.62mm,7406,tht,True
80.645,-132.08,90.0,top,U9,,DIP-14_W7.62mm,7408,tht,True
196.85,-116.84,180.0,top,W1,,PinSocket_2x01_P2.54mm_Vertical,IRQ,tht,True
80.645,-59.69,90.0,top,XU1,,DIP-16_W7.62mm,IC Socket,tht,True
125.73,-24.13,-90.0,top,Y1,,Crystal_HC33-U_Horizontal,1Mhz,tht,True
