﻿designator,quantity,value,pack,mpn,mount_type
"C1, C10, C11, C12, C13, C14, C15, C8, C9",9,100nF,C_Rect_L7.2mm_W2.5mm_P5.00mm_FKS2_FKP2_MKS2_MKP2,,tht
C2,1,10pF,C_Rect_L7.2mm_W2.5mm_P5.00mm_FKS2_FKP2_MKS2_MKP2,,tht
C3,1,220uF,CP_Axial_L29.0mm_D10.0mm_P35.00mm_Horizontal,,tht
"C4, C5, C6, C7",4,4.7uF,CP_Radial_Tantal_D5.0mm_P2.50mm,,tht
"CR1, CR2, CR3, CR4, CR5, CR6",6,1N914,D_DO-35_SOD27_P12.70mm_Horizontal,,tht
"DS1, DS2, DS3, DS4, DS5, DS6, DS7, DS8",8,LED,LED_D5.0mm_Horizontal_O3.81mm_Z15.0mm reversed,,tht
J1,1,CEC card edge connector large,Chuck_E_Cheese_large_card_edge,,smt
"R1, R2, R4, R6, R7, R8, R9",7,4.7K,R_Axial_DIN0204_L3.6mm_D1.6mm_P12.7mm_Horizontal,,tht
R3,1,330K,R_Axial_DIN0204_L3.6mm_D1.6mm_P12.7mm_Horizontal,,tht
R5,1,100,R_Axial_DIN0204_L3.6mm_D1.6mm_P12.7mm_Horizontal,,tht
"RP1, RP2",2,10K,DIP-16_W7.62mm,,tht
TP1,1,-5v,TestPoint_Plated_Hole_D2.0mm,,tht
TP2,1,-12v,TestPoint_Plated_Hole_D2.0mm,,tht
TP3,1,GND,TestPoint_Plated_Hole_D2.0mm,,tht
TP4,1,+12v,TestPoint_Plated_Hole_D2.0mm,,tht
TP5,1,+5v,TestPoint_Plated_Hole_D2.0mm,,tht
TP6,1,~{0/2/4},TestPoint_Plated_Hole_D2.0mm,,tht
TP7,1,U18 CS,TestPoint_Plated_Hole_D2.0mm,,tht
TP8,1,U19 CS,TestPoint_Plated_Hole_D2.0mm,,tht
TP9,1,IRQ,TestPoint_Plated_Hole_D2.0mm,,tht
"U1, U2, U3, U4",4,SPARE,DIP-16_W7.62mm,,tht
U10,1,7432,DIP-14_W7.62mm,,tht
"U11, U14, U15",3,7442,DIP-16_W7.62mm,,tht
"U12, U13, U8",3,7406,DIP-14_W7.62mm,,tht
"U16, U17",2,M8216,DIP-16_W7.62mm,,tht
"U18, U19",2,6532,DIP-40_W15.24mm,,tht
"U20, U22",2,UNUSED,DIP-24_W15.24mm,,tht
U21,1,2732,DIP-24_W15.24mm,,tht
"U23, U24, U5",3,74367,DIP-16_W7.62mm,,tht
U25,1,6502,DIP-40_W15.24mm,,tht
U6,1,7414,DIP-14_W7.62mm,,tht
U7,1,LM7905_TO220,TO-220-3_Horizontal_TabDown,,tht
U9,1,7408,DIP-14_W7.62mm,,tht
W1,1,IRQ,PinSocket_2x01_P2.54mm_Vertical,,tht
XU1,1,IC Socket,DIP-16_W7.62mm,,tht
Y1,1,1Mhz,Crystal_HC33-U_Horizontal,,tht
